-- MySQL dump 10.13  Distrib 5.7.17, for Win64 (x86_64)
--
-- Host: localhost    Database: coinsproyect
-- ------------------------------------------------------
-- Server version	5.7.20-log

/*!40101 SET @OLD_CHARACTER_SET_CLIENT=@@CHARACTER_SET_CLIENT */;
/*!40101 SET @OLD_CHARACTER_SET_RESULTS=@@CHARACTER_SET_RESULTS */;
/*!40101 SET @OLD_COLLATION_CONNECTION=@@COLLATION_CONNECTION */;
/*!40101 SET NAMES utf8 */;
/*!40103 SET @OLD_TIME_ZONE=@@TIME_ZONE */;
/*!40103 SET TIME_ZONE='+00:00' */;
/*!40014 SET @OLD_UNIQUE_CHECKS=@@UNIQUE_CHECKS, UNIQUE_CHECKS=0 */;
/*!40014 SET @OLD_FOREIGN_KEY_CHECKS=@@FOREIGN_KEY_CHECKS, FOREIGN_KEY_CHECKS=0 */;
/*!40101 SET @OLD_SQL_MODE=@@SQL_MODE, SQL_MODE='NO_AUTO_VALUE_ON_ZERO' */;
/*!40111 SET @OLD_SQL_NOTES=@@SQL_NOTES, SQL_NOTES=0 */;

--
-- Table structure for table `52help`
--

DROP TABLE IF EXISTS `52help`;
/*!40101 SET @saved_cs_client     = @@character_set_client */;
/*!40101 SET character_set_client = utf8 */;
CREATE TABLE `52help` (
  `id52help` int(11) NOT NULL AUTO_INCREMENT,
  `semana` char(2) DEFAULT NULL,
  `a1` char(4) DEFAULT NULL,
  `sum` char(6) DEFAULT NULL,
  PRIMARY KEY (`id52help`)
) ENGINE=InnoDB AUTO_INCREMENT=53 DEFAULT CHARSET=latin1;
/*!40101 SET character_set_client = @saved_cs_client */;

--
-- Dumping data for table `52help`
--

LOCK TABLES `52help` WRITE;
/*!40000 ALTER TABLE `52help` DISABLE KEYS */;
INSERT INTO `52help` VALUES (1,'1','10','10'),(2,'2','20','30'),(3,'3','30','60'),(4,'4','40','100'),(5,'5','50','150'),(6,'6','60','210'),(7,'7','70','280'),(8,'8','80','360'),(9,'9','90','450'),(10,'10','100','550'),(11,'11','110','660'),(12,'12','120','780'),(13,'13','130','910'),(14,'14','140','1050'),(15,'15','150','1200'),(16,'16','160','1360'),(17,'17','170','1530'),(18,'18','180','1710'),(19,'19','190','1900'),(20,'20','200','2100'),(21,'21','210','2310'),(22,'22','220','2530'),(23,'23','230','2760'),(24,'24','240','3000'),(25,'25','250','3250'),(26,'26','260','3510'),(27,'27','270','3780'),(28,'28','280','4060'),(29,'29','290','4350'),(30,'30','300','4650'),(31,'31','310','4960'),(32,'32','320','5280'),(33,'33','330','5610'),(34,'34','340','5950'),(35,'35','350','6300'),(36,'36','360','6660'),(37,'37','370','7030'),(38,'38','380','7410'),(39,'39','390','7800'),(40,'40','400','8200'),(41,'41','410','8610'),(42,'42','420','9030'),(43,'43','430','9460'),(44,'44','440','9900'),(45,'45','450','10350'),(46,'46','460','10810'),(47,'47','470','11280'),(48,'48','480','11760'),(49,'49','490','12250'),(50,'50','500','12750'),(51,'51','510','13260'),(52,'52','520','13780');
/*!40000 ALTER TABLE `52help` ENABLE KEYS */;
UNLOCK TABLES;

--
-- Table structure for table `52semanas`
--

DROP TABLE IF EXISTS `52semanas`;
/*!40101 SET @saved_cs_client     = @@character_set_client */;
/*!40101 SET character_set_client = utf8 */;
CREATE TABLE `52semanas` (
  `id52semanas` int(11) NOT NULL AUTO_INCREMENT,
  `id_usr` int(11) NOT NULL,
  `FechaInicio` date DEFAULT NULL,
  `FechaFin` date DEFAULT NULL,
  `id52help` int(11) DEFAULT NULL,
  `Activo` char(1) DEFAULT NULL,
  `Prox_Ahorro` char(4) DEFAULT NULL,
  `FechaProx` date DEFAULT NULL,
  PRIMARY KEY (`id52semanas`),
  KEY `foreign_idx` (`id_usr`)
) ENGINE=InnoDB AUTO_INCREMENT=46 DEFAULT CHARSET=latin1;
/*!40101 SET character_set_client = @saved_cs_client */;

--
-- Dumping data for table `52semanas`
--

LOCK TABLES `52semanas` WRITE;
/*!40000 ALTER TABLE `52semanas` DISABLE KEYS */;
INSERT INTO `52semanas` VALUES (6,85,'2019-02-21','2020-02-21',54,'0','520','2019-03-16'),(7,82,'2019-02-27','2020-02-27',75,'0','420','2019-03-09'),(8,82,'2019-02-27','2020-02-27',75,'0','420','2019-03-09'),(9,82,'2019-02-27','2020-02-27',75,'0','420','2019-03-09'),(10,82,'2019-02-27','2020-02-27',75,'0','420','2019-03-09'),(11,82,'2019-02-27','2020-02-27',75,'0','420','2019-03-09'),(12,82,'2019-02-27','2020-02-27',75,'0','420','2019-03-09'),(13,82,'2019-02-27','2020-02-27',33,'0','420','2019-03-09'),(14,82,'2019-02-28','2020-02-28',75,'0','420','2019-03-09'),(15,82,'2019-02-28','2020-02-28',75,'0','420','2019-03-09'),(16,82,'2019-02-28','2020-02-28',75,'0','420','2019-03-09'),(17,82,'2019-02-28','2020-02-28',75,'0','420','2019-03-09'),(18,82,'2019-02-28','2020-02-28',75,'0','420','2019-03-09'),(19,82,'2019-02-28','2020-02-28',75,'0','420','2019-03-09'),(20,82,'2019-02-28','2020-02-28',75,'0','420','2019-03-09'),(21,82,'2019-02-28','2020-02-28',75,'0','420','2019-03-09'),(22,82,'2019-02-28','2020-02-28',75,'0','420','2019-03-09'),(23,82,'2019-02-28','2020-02-28',75,'0','420','2019-03-09'),(24,82,'2019-02-28','2020-02-28',75,'0','420','2019-03-09'),(25,82,'2019-02-28','2020-02-28',75,'0','420','2019-03-09'),(26,82,'2019-02-28','2020-02-28',43,'1','420','2019-06-01'),(27,70,'2019-03-02','2020-03-02',52,'1','10','2019-03-09'),(28,85,'2019-03-09','2020-03-09',53,'0','520','2019-03-16'),(29,85,'2019-03-10','2020-03-10',53,'0','520','2019-03-17'),(30,85,'2019-03-10','2020-03-10',53,'0','520','2019-03-17'),(31,85,'2019-03-10','2020-03-10',53,'0','520','2019-03-24'),(32,85,'2019-03-10','2020-03-10',52,'0',NULL,'2019-03-17'),(39,86,NULL,NULL,NULL,'0',NULL,NULL),(40,86,'2019-03-10','2020-03-10',1,'1',NULL,'2019-03-17'),(42,85,'2019-03-10','2020-03-10',1,'1',NULL,'2019-03-17'),(43,87,NULL,NULL,NULL,'0','10',NULL),(45,87,'2019-03-10','2020-03-10',1,'1',NULL,'2019-03-17');
/*!40000 ALTER TABLE `52semanas` ENABLE KEYS */;
UNLOCK TABLES;

--
-- Table structure for table `anuncios`
--

DROP TABLE IF EXISTS `anuncios`;
/*!40101 SET @saved_cs_client     = @@character_set_client */;
/*!40101 SET character_set_client = utf8 */;
CREATE TABLE `anuncios` (
  `idAnuncios` int(11) NOT NULL,
  `Contenido` varchar(800) DEFAULT NULL,
  `img` varchar(255) DEFAULT NULL,
  PRIMARY KEY (`idAnuncios`)
) ENGINE=InnoDB DEFAULT CHARSET=latin1;
/*!40101 SET character_set_client = @saved_cs_client */;

--
-- Dumping data for table `anuncios`
--

LOCK TABLES `anuncios` WRITE;
/*!40000 ALTER TABLE `anuncios` DISABLE KEYS */;
INSERT INTO `anuncios` VALUES (1,'Marzo Mes del Ahorro del Agua         \r\n        ','http://img2.rtve.es/v/1984867?w=1600&preview=1395070299625.jpg'),(2,'Cambia tus electrodomésticos tradicionales por los que tengan la etiqueta A+, A++ o A+++. Sobre todo, la lavadora y el lavavajillas. Este tipo de electrodoméstico ahorran un 50% de consumo de agua','https://t3mexico.mx/home/wp-content/uploads/2018/01/QuickDrive.jpg'),(3,'Instala grifería termostática o electrónica en la cocina y el baño. Estos sistemas hace que el uso del agua se racionalice al poderse regular el consumo..','https://www.todoparaladucha.com/griferia-termost%C3%A1tica-de-ducha-modelo-esla_pic144ni0t0.jpg'),(4,'Riega el césped y las plantas por la mañana o por la noche, evitando las horas de mayor evaporación del agua.','https://casa-web.com.ar/wp-content/uploads/2018/09/Cesped-Bermuda.jpg'),(5,'No abuses del cloro , rompe el equilibrio bacteriano de las depuradoras dificultando su trabajo. Utiliza detergentes ecológicos, sin fosfatos.','http://www.detergentesdetter.cl/wp-content/uploads/sites/2464/2016/01/cloro.jpg');
/*!40000 ALTER TABLE `anuncios` ENABLE KEYS */;
UNLOCK TABLES;

--
-- Table structure for table `coins`
--

DROP TABLE IF EXISTS `coins`;
/*!40101 SET @saved_cs_client     = @@character_set_client */;
/*!40101 SET character_set_client = utf8 */;
CREATE TABLE `coins` (
  `id_coin` int(11) NOT NULL,
  `n_coin` varchar(10) NOT NULL,
  `p_coin` varchar(10) NOT NULL,
  PRIMARY KEY (`id_coin`)
) ENGINE=InnoDB DEFAULT CHARSET=latin1;
/*!40101 SET character_set_client = @saved_cs_client */;

--
-- Dumping data for table `coins`
--

LOCK TABLES `coins` WRITE;
/*!40000 ALTER TABLE `coins` DISABLE KEYS */;
INSERT INTO `coins` VALUES (1,'Mike','chicho666'),(2,'Diego','Jojos'),(3,'Jimmy','egreseme');
/*!40000 ALTER TABLE `coins` ENABLE KEYS */;
UNLOCK TABLES;

--
-- Temporary view structure for view `desplegar`
--

DROP TABLE IF EXISTS `desplegar`;
/*!50001 DROP VIEW IF EXISTS `desplegar`*/;
SET @saved_cs_client     = @@character_set_client;
SET character_set_client = utf8;
/*!50001 CREATE VIEW `desplegar` AS SELECT 
 1 AS `id_usr`,
 1 AS `nom`,
 1 AS `psw`,
 1 AS `id_plan`,
 1 AS `mail`,
 1 AS `bd`,
 1 AS `sex`,
 1 AS `meta`,
 1 AS `montometa`,
 1 AS `montometafinal`*/;
SET character_set_client = @saved_cs_client;

--
-- Temporary view structure for view `gastos`
--

DROP TABLE IF EXISTS `gastos`;
/*!50001 DROP VIEW IF EXISTS `gastos`*/;
SET @saved_cs_client     = @@character_set_client;
SET character_set_client = utf8;
/*!50001 CREATE VIEW `gastos` AS SELECT 
 1 AS `NGasto`,
 1 AS `id_gv`,
 1 AS `Gasto`,
 1 AS `tipo`,
 1 AS `id_usr`*/;
SET character_set_client = @saved_cs_client;

--
-- Temporary view structure for view `gastos2`
--

DROP TABLE IF EXISTS `gastos2`;
/*!50001 DROP VIEW IF EXISTS `gastos2`*/;
SET @saved_cs_client     = @@character_set_client;
SET character_set_client = utf8;
/*!50001 CREATE VIEW `gastos2` AS SELECT 
 1 AS `tipo`,
 1 AS `id_usr`*/;
SET character_set_client = @saved_cs_client;

--
-- Table structure for table `gastosfijos`
--

DROP TABLE IF EXISTS `gastosfijos`;
/*!40101 SET @saved_cs_client     = @@character_set_client */;
/*!40101 SET character_set_client = utf8 */;
CREATE TABLE `gastosfijos` (
  `id_gf` int(11) NOT NULL AUTO_INCREMENT,
  `Electricidad` varchar(45) DEFAULT NULL,
  `Agua` varchar(45) DEFAULT NULL,
  `Gas` varchar(45) DEFAULT NULL,
  `Comida` varchar(45) DEFAULT NULL,
  `Prestamo` varchar(45) DEFAULT NULL,
  `Transporte` varchar(45) DEFAULT NULL,
  `Hormiga` varchar(45) DEFAULT NULL,
  `Extra` varchar(45) DEFAULT NULL,
  `Sum` varchar(45) NOT NULL,
  `fecha` timestamp NULL DEFAULT CURRENT_TIMESTAMP,
  PRIMARY KEY (`id_gf`)
) ENGINE=InnoDB AUTO_INCREMENT=132 DEFAULT CHARSET=latin1;
/*!40101 SET character_set_client = @saved_cs_client */;

--
-- Dumping data for table `gastosfijos`
--

LOCK TABLES `gastosfijos` WRITE;
/*!40000 ALTER TABLE `gastosfijos` DISABLE KEYS */;
INSERT INTO `gastosfijos` VALUES (1,'500','500','1000',NULL,NULL,NULL,NULL,NULL,'2000','2018-10-19 04:35:27'),(2,'500','200','300','200','300','200',NULL,NULL,'1700','2018-10-19 15:12:52'),(3,'400','100','100','100','100','100',NULL,NULL,'900','2018-10-19 15:13:13'),(4,'400','100','100','100','100','100',NULL,NULL,'900','2018-10-19 15:13:58'),(6,'100','100','100','100','100','100',NULL,NULL,'100','2018-10-19 15:54:45'),(8,'325','333','500','1500','1000','2',NULL,NULL,'3658','2018-10-19 16:02:58'),(9,'325','166','625','1250','1000','1',NULL,NULL,'3366','2018-10-19 16:44:00'),(10,'325','166','625','1250','1000','1',NULL,NULL,'3366','2018-10-19 20:14:53'),(11,'325','166','625','1250','1000','2',NULL,NULL,'3366','2018-10-19 20:17:50'),(12,'325','166','625','1250','1000','2',NULL,NULL,'3366','2018-10-19 20:18:03'),(13,'325','166','625','1250','1000','2',NULL,NULL,'3366','2018-10-19 20:20:27'),(14,'325','166','625','1250','1000','2',NULL,NULL,'3366','2018-10-19 20:23:41'),(15,'325','166','625','1250','1000','2',NULL,NULL,'3366','2018-10-19 20:25:07'),(16,'325','166','625','1250','1000','2',NULL,NULL,'3366','2018-10-19 20:25:34'),(17,'325','166','625','1250','1000','2',NULL,NULL,'3366','2018-10-19 22:57:02'),(18,'615','450','625','1250','1000','2',NULL,NULL,'3940','2018-10-19 23:33:10'),(19,'325','166','625','1250','1000','2',NULL,NULL,'3366','2018-10-19 23:38:49'),(20,'325','166','625','1250','1000','2',NULL,NULL,'3366','2018-10-19 23:39:46'),(21,'325','166','625','1250','1000','2',NULL,NULL,'3366','2018-10-20 16:27:03'),(22,'325','166','800','1250','1000','2',NULL,NULL,'3541','2018-10-20 16:38:09'),(23,'325','166','625','1250','1000','2',NULL,NULL,'3366','2018-10-20 22:17:42'),(24,'325','166','625','1000','1500','2',NULL,NULL,'3616','2018-10-20 22:19:57'),(25,'200','200','200','200','200','2',NULL,NULL,'1000','2018-10-20 23:52:46'),(26,'300','500','400','300','300','2',NULL,NULL,'1700',NULL),(27,'250','83','500','1000','500','1',NULL,NULL,'2333','2018-10-25 16:13:55'),(28,'300','78','600','1000','1200','1',NULL,NULL,'3500','2018-10-27 21:38:18'),(29,'325','166','625','1250','1000','2',NULL,NULL,'3366','2018-10-30 01:46:32'),(30,'500','800','900','1200','300',NULL,NULL,NULL,'3700','2018-11-01 18:47:41'),(31,'500','800','900','1200','300',NULL,NULL,NULL,'3700','2018-11-01 18:49:00'),(32,'500','800','900','1200','300',NULL,NULL,NULL,'3700','2018-11-01 19:08:23'),(33,'120','120','120','120','120',NULL,NULL,NULL,'600','2018-11-01 19:08:46'),(34,'600','400','500','300','200',NULL,NULL,NULL,'2000','2018-11-01 19:09:27'),(35,'666','200','300','400','201',NULL,NULL,NULL,'1767','2018-11-01 19:10:09'),(36,'400','70','500','2600','1400',NULL,NULL,NULL,'4970','2018-11-01 19:40:17'),(37,'400','60','500','2000','1600',NULL,NULL,NULL,'6700','2018-11-01 19:41:31'),(38,'1200','800','400','300','200',NULL,NULL,NULL,'4000','2018-11-02 18:15:33'),(39,'325','166','625','1250','1000','2',NULL,NULL,'3366','2018-11-03 23:08:40'),(40,'325','166','625','1250','1000','2',NULL,NULL,'3366','2018-11-03 23:10:54'),(41,'325','166','625','1250','1000','2',NULL,NULL,'3366','2018-11-03 23:11:19'),(42,'250','83','500','1000','500','1',NULL,NULL,'2333','2018-11-03 23:11:39'),(43,'325','166','625','1250','1000','2',NULL,NULL,'3366','2018-11-03 23:31:40'),(44,'325','166','625','1250','1000','2',NULL,NULL,'3366','2018-11-03 23:33:16'),(45,'325','166','625','1250','1000','2',NULL,NULL,'3366','2018-11-03 23:34:19'),(46,'325','83','625','1250','500','1',NULL,NULL,'2783','2018-11-03 23:37:38'),(47,'800','80','500','1000','600','200',NULL,NULL,'3380','2018-11-04 21:46:13'),(48,'250','83','500','1000','500','100','1',NULL,'2433','2018-11-05 17:19:10'),(49,'1200','90','1000','1000','700','200',NULL,NULL,'4190','2018-11-05 17:23:14'),(50,'325','83','800','1250','500','100','1',NULL,'3058','2018-11-06 23:35:18'),(51,'325','333','625','1000','500','100','1',NULL,'3783','2018-11-06 23:45:32'),(52,'200','200','200','200','200','200',NULL,NULL,'1200','2018-11-06 23:48:09'),(53,'800','800','100','2000','10','300',NULL,NULL,'4010','2018-11-06 23:55:04'),(54,'325','166','625','1250','1000','400','2',NULL,'3766','2018-11-07 00:16:39'),(55,'1000','300','1000','2000','300','80',NULL,NULL,'4680','2018-11-07 02:18:04'),(56,'615','83','500','1000','500','100','1',NULL,'2798','2018-11-07 14:04:00'),(57,'325','166','625','1250','1000','400','2',NULL,'3766','2018-11-07 14:35:25'),(58,'1000','200','1000','2000','800','1000',NULL,NULL,'6000','2018-11-07 23:39:15'),(59,'325','83','625','1000','500','100','1',NULL,'2633','2018-11-10 17:09:23'),(60,'325','166','625','1000','500','100','1',NULL,'2716','2018-11-11 05:35:01'),(61,'250','83','500','1000','500','100','1',NULL,'2433','2018-11-11 05:36:34'),(62,'250','83','500','1000','500','100','1',NULL,'2433','2018-11-11 05:38:56'),(63,'250','83','500','1000','500','100','1',NULL,'2433','2018-11-11 05:44:15'),(64,'325','166','625','1250','1000','400','2',NULL,'3766','2018-11-11 15:45:12'),(65,'325','166','625','1250','1000','400','2',NULL,'3766','2018-11-11 15:45:19'),(66,'250','166','500','1000','500','100','1',NULL,'2516','2018-11-11 16:23:16'),(67,'250','83','500','1000','500','100','1',NULL,'2433','2018-11-11 17:05:02'),(68,'250','83','500','1000','500','100','1',NULL,'2433','2018-11-11 18:20:10'),(69,'325','166','625','1250','500','100','1',NULL,'2966','2018-11-12 00:35:43'),(70,'500','120','900','2000','1000','250',NULL,NULL,'4770','2018-11-12 23:41:38'),(71,'500','120','900','2000','1000','250',NULL,NULL,'7600','2018-11-12 23:41:46'),(72,'250','83','500','1000','500','100','1',NULL,'2523','2018-11-12 23:45:41'),(73,'325','83','625','1250','500','100','1',NULL,'2883','2018-11-12 23:58:27'),(74,'250','83','500','1000','500','100','1',NULL,'2433','2018-11-13 01:12:36'),(75,'250','83','500','1000','500','100','1',NULL,'2433','2018-11-13 02:23:55'),(76,'250','83','500','1000','500','100','1',NULL,'2833','2018-11-14 23:37:05'),(77,'3000','1000','200','200','200','200',NULL,NULL,'4850','2018-11-15 19:21:07'),(78,'325','333','625','2500','1000','400','2',NULL,'5183','2018-11-17 02:15:06'),(79,'325','333','625','2500','1000','400','2',NULL,'5183','2018-11-17 02:16:03'),(80,'1000','3000','1000','100','1000','100',NULL,NULL,'6200','2018-11-19 04:01:24'),(81,'1000','1000','4000','1000','500','500',NULL,NULL,'8000','2018-11-19 15:40:10'),(82,'1000','1000','4000','1000','500','500',NULL,NULL,'8200','2018-11-19 15:40:45'),(83,'100','500','500','1000','2000','2000',NULL,NULL,'8100','2018-11-19 23:01:44'),(84,'325','166','625','1250','1000','400','1',NULL,'3811','2018-11-21 00:13:59'),(85,'1000','100','100','1000','100','1000',NULL,NULL,'3300','2018-11-22 01:22:27'),(86,'1000','5000','3000','2000','1000','1000',NULL,NULL,'13100','2018-11-22 01:43:27'),(87,'250','83','500','1000','500','100','1',NULL,'2433','2018-11-22 18:37:42'),(88,'250','83','500','1000','500','100','1',NULL,'2433','2018-11-22 18:50:07'),(89,'1000','1000','1000','1000','1800','2000',NULL,NULL,'7800','2018-11-22 18:51:54'),(90,'500','500','500','2000','500','500',NULL,NULL,'4500','2018-11-23 14:55:48'),(91,'325','166','625','1250','500','400','1',NULL,'3266','2018-11-23 15:03:35'),(92,'250','83','500','1000','500','100','1',NULL,'2433','2018-11-23 15:11:08'),(93,'250','83','500','1000','500','100','1',NULL,'2433','2018-11-23 15:21:21'),(94,'1000','600','400','100','500','1000',NULL,NULL,'3600','2018-11-23 15:25:13'),(95,'100','100','1000','1000','500','280',NULL,NULL,'2980','2018-11-23 15:52:47'),(96,'250','83','500','1000','500','100','1',NULL,'2433','2018-11-23 19:17:12'),(97,'200','2000','1000','400','1000','100',NULL,NULL,'4700','2018-11-23 19:46:15'),(98,'2000','1000','500','500','500','500',NULL,NULL,'5000','2018-11-23 19:51:31'),(99,'200','1000','300','500','2000','100',NULL,NULL,'4200','2018-11-23 19:54:58'),(100,'250','83','500','1000','500','400','1',NULL,'2733','2018-11-23 21:39:43'),(101,'325','333','625','1250','1000','400','1',NULL,'4183','2018-11-23 21:53:13'),(102,'1000','100','100','200','1000','100',NULL,NULL,'2500','2018-11-23 22:02:18'),(103,'1000','100','200','500','20','1000',NULL,NULL,'2820','2018-11-23 22:04:01'),(104,'250','83','500','1000','500','100','1',NULL,'2433','2018-11-23 23:53:48'),(105,'1000','450','1000','2500','2000','1200','2',NULL,'8150','2018-11-23 23:54:51'),(106,'615','450','1000','1500','2000','1200','1',NULL,'6965','2018-11-24 00:03:50'),(107,'1000','500','1000','500','100','200',NULL,NULL,'3300','2018-11-24 00:09:48'),(108,'2000','1500','200','500','100','100',NULL,NULL,'4400','2018-11-24 00:10:40'),(109,'2000','1500','500','100','100','200',NULL,NULL,'4400','2018-11-24 00:11:17'),(110,'325','83','500','1000','500','100','1',NULL,'2508','2019-01-12 18:32:19'),(111,'325','83','500','1250','500','100','1',NULL,'2958','2019-01-26 05:05:50'),(112,'300','200','100','200','1000','300',NULL,NULL,'2400','2019-02-10 02:28:38'),(113,'200','200','200','200','200','200',NULL,NULL,'1200','2019-02-10 03:11:58'),(114,'1000','83','500','1000','500','100','1',NULL,'3183','2019-02-10 03:14:01'),(115,'200','200','200','200','2000','200',NULL,NULL,'3200','2019-02-10 03:15:17'),(116,'250','83','500','1000','1000','100','1',NULL,'2933','2019-02-15 15:51:09'),(117,'250','83','500','2500','1000','100','1',NULL,'4433','2019-02-16 15:49:48'),(118,'250','83','500','1250','500','100','1',NULL,'2683','2019-02-21 18:12:59'),(119,'700','100','600','500','100','300',NULL,NULL,'2300','2019-02-23 14:43:51'),(120,'325','83','500','1000','500','100','1',NULL,'2508','2019-02-24 04:36:52'),(121,'325','333','625','1250','1000','400','1',NULL,'9933','2019-02-24 16:10:08'),(122,'1000','300','300','600','200','400',NULL,NULL,'3100','2019-03-02 22:36:16'),(123,'570','600','1200','3800','1800','1200',NULL,NULL,'9170','2019-03-10 01:13:12'),(124,'520','3500','1200','600','1300','1500',NULL,NULL,'8620','2019-03-10 01:13:42'),(125,'570','3600','1200','600','1900','1200',NULL,NULL,'9070','2019-03-10 01:15:39'),(126,'570','3600','1200','700','1900','1100',NULL,NULL,'9070','2019-03-10 01:16:15'),(127,'520','3400','1000','800','2000','1500',NULL,NULL,'9220','2019-03-10 01:18:25'),(128,'500','3400','1100','900','1900','1200',NULL,NULL,'9150','2019-03-10 01:18:54'),(129,'1000','500','300','200','400','190',NULL,NULL,'2590','2019-03-10 20:20:47'),(130,'250','83','800','1000','500','100','1',NULL,'2733','2019-03-10 22:40:39'),(131,'250','83','500','1000','500','100','1',NULL,'2433','2019-03-10 23:55:41');
/*!40000 ALTER TABLE `gastosfijos` ENABLE KEYS */;
UNLOCK TABLES;

--
-- Table structure for table `gastosvariables`
--

DROP TABLE IF EXISTS `gastosvariables`;
/*!40101 SET @saved_cs_client     = @@character_set_client */;
/*!40101 SET character_set_client = utf8 */;
CREATE TABLE `gastosvariables` (
  `id_gv` int(11) NOT NULL AUTO_INCREMENT,
  `NGasto` varchar(45) DEFAULT NULL,
  `Gasto` varchar(45) DEFAULT NULL,
  `fecha` timestamp NULL DEFAULT CURRENT_TIMESTAMP,
  `status` char(1) DEFAULT NULL,
  `tipo` varchar(45) DEFAULT NULL,
  PRIMARY KEY (`id_gv`)
) ENGINE=InnoDB AUTO_INCREMENT=69 DEFAULT CHARSET=latin1;
/*!40101 SET character_set_client = @saved_cs_client */;

--
-- Dumping data for table `gastosvariables`
--

LOCK TABLES `gastosvariables` WRITE;
/*!40000 ALTER TABLE `gastosvariables` DISABLE KEYS */;
INSERT INTO `gastosvariables` VALUES (1,'xbox','900',NULL,NULL,NULL),(2,'Xbox','500','2018-10-25 16:03:58','2',NULL),(3,'Natillas','250','2018-10-26 22:23:42','2',NULL),(4,'Xbox','6000','2018-10-26 23:13:20','2',NULL),(5,'Xbox','600','2018-10-26 23:19:24',NULL,NULL),(6,'Xbox','500','2018-10-26 23:20:41','2',NULL),(7,'Xbox','500','2018-10-26 23:21:19','2',NULL),(8,'Xbox','6000','2018-10-26 23:30:27','2',NULL),(9,'Xbox','400','2018-10-27 21:15:59','2',NULL),(10,'Xbox','7002','2018-10-27 21:16:09','2',NULL),(11,'poop','200','2018-11-02 03:31:00','2',NULL),(12,'Xbox','200','2018-11-02 03:47:16','1',NULL),(13,'meow','200','2018-11-02 18:14:56','1',NULL),(14,'otros','123','2018-11-02 19:05:03','1',NULL),(15,'','0','2018-11-03 23:20:39','0',NULL),(16,'','0','2018-11-03 23:20:58','0',NULL),(17,'Natillas','200','2018-11-03 23:28:58','1',NULL),(18,'','0','2018-11-03 23:31:40','0',NULL),(19,'','0','2018-11-03 23:33:02','0',NULL),(20,'','0','2018-11-03 23:33:09','0',NULL),(21,'','0','2018-11-03 23:33:13','0',NULL),(22,'','0','2018-11-03 23:33:16','0',NULL),(23,'','0','2018-11-03 23:33:32','0',NULL),(24,'','0','2018-11-03 23:34:20','0',NULL),(25,'','0','2018-11-03 23:36:31','0',NULL),(26,'','0','2018-11-03 23:36:37','0',NULL),(27,'','0','2018-11-03 23:37:38','0',NULL),(28,'poop','120','2018-11-03 23:38:12','1',NULL),(29,'poop','500','2018-11-04 00:01:19','1',NULL),(30,'poop','500','2018-11-04 00:01:37','1',NULL),(31,'poop','600','2018-11-04 00:01:47','1',NULL),(32,'comida de gato','400','2018-11-04 21:46:40','1',NULL),(33,'poop','900','2018-11-06 23:47:48','1',NULL),(34,'poop','90','2018-11-12 23:54:58','1',NULL),(35,'agua embotellada','20','2018-11-13 01:35:26','1',NULL),(36,'cigarro','5','2018-11-13 02:21:50','1',NULL),(37,'comprar papeleria','100','2018-11-13 02:29:36','0',NULL),(38,'mota','50','2018-11-13 02:29:51','1',NULL),(39,'Comprar una mochila','700','2018-11-13 23:38:30','0','null'),(40,'comprar audifonos','200','2018-11-13 23:43:37','1','null'),(41,'Comprar un toston de mota','50','2018-11-13 23:44:13','0','null'),(42,'toston de mota','50','2018-11-13 23:45:11','0','1'),(43,'comprar natillas','20','2018-11-14 00:16:27','0','0'),(44,'Propina del Mesero','20','2018-11-14 00:21:39','0','7'),(45,'comprar un cigarro','5','2018-11-14 00:44:02','0','6'),(46,'prueba1','200','2018-11-14 23:55:29','0','6'),(47,'salir al cine','200','2018-11-15 00:23:18','0','3'),(48,'salir al cine','200','2018-11-15 00:24:18','0','3'),(49,'salir ala plaza','300','2018-11-15 00:25:04','0','3'),(51,'Comprar el Slow Hands','110','2018-11-15 15:06:12','0','5'),(52,'Tortuga','50','2018-11-17 01:56:21','0','0'),(53,'Comprar una mochila','200','2018-11-19 20:51:44','0','4'),(54,'Quesitos','20','2018-11-21 00:21:10','1','0'),(55,'Papas','15','2018-11-21 00:43:54','1','0'),(56,'Camion','10','2018-11-21 01:09:16','0','7'),(57,'<s>skeeere</s>','1000','2018-11-22 01:32:08','0','0'),(58,'<s>skeeere</s>','1000','2018-11-22 01:33:51','0','0'),(59,'Comprar gel ','100','2018-11-22 01:55:42','0','0'),(60,'Salida a comer','200','2018-11-23 21:54:39','1','3'),(61,'Comida de gato','50','2018-11-23 21:55:32','0','5'),(62,'Comprar gel ','100','2018-11-23 21:58:08','0','0'),(63,'McDonals','200','2018-11-24 00:07:22','1','0'),(64,'comida','200','2019-02-09 16:18:36','0','0'),(65,'COMIDA','300','2019-02-10 02:28:50','0','0'),(66,'chupe','200','2019-02-10 03:16:46','0','6'),(67,'cargador','300','2019-03-02 22:36:56','0','7'),(68,'comida chatarra','150','2019-03-10 01:26:17','0','0');
/*!40000 ALTER TABLE `gastosvariables` ENABLE KEYS */;
UNLOCK TABLES;

--
-- Table structure for table `historial_metas`
--

DROP TABLE IF EXISTS `historial_metas`;
/*!40101 SET @saved_cs_client     = @@character_set_client */;
/*!40101 SET character_set_client = utf8 */;
CREATE TABLE `historial_metas` (
  `idhistorial_metas` int(11) NOT NULL AUTO_INCREMENT,
  `id_usr` int(11) NOT NULL,
  `nombre_meta` varchar(45) DEFAULT NULL,
  `monto_meta` varchar(45) DEFAULT NULL,
  `fecha` timestamp NULL DEFAULT CURRENT_TIMESTAMP,
  PRIMARY KEY (`idhistorial_metas`)
) ENGINE=InnoDB AUTO_INCREMENT=15 DEFAULT CHARSET=latin1;
/*!40101 SET character_set_client = @saved_cs_client */;

--
-- Dumping data for table `historial_metas`
--

LOCK TABLES `historial_metas` WRITE;
/*!40000 ALTER TABLE `historial_metas` DISABLE KEYS */;
INSERT INTO `historial_metas` VALUES (2,79,'errrr','2111','2019-02-09 17:41:50'),(3,79,'ton chan','200','2019-02-09 18:38:24'),(4,79,'pavos','700','2019-02-10 03:10:30'),(5,79,'pavos','700','2019-02-10 03:11:01'),(6,79,'pasttime','2111','2019-02-10 03:11:15'),(7,80,'comprar una nave','2000','2019-02-10 03:15:02'),(8,80,'comprar un tigre','400','2019-02-10 03:15:42'),(9,80,'eskeeere','2000','2019-02-10 03:16:10'),(10,85,'SmartWatch','3000','2019-03-10 01:21:02'),(11,85,'Automovil','12000','2019-03-10 01:21:32'),(12,85,'Automovil','120000','2019-03-10 01:22:22'),(13,85,'Automovil ','100000','2019-03-10 01:24:17'),(14,82,'Amateratsu','2000','2019-03-10 20:19:06');
/*!40000 ALTER TABLE `historial_metas` ENABLE KEYS */;
UNLOCK TABLES;

--
-- Table structure for table `ingresos`
--

DROP TABLE IF EXISTS `ingresos`;
/*!40101 SET @saved_cs_client     = @@character_set_client */;
/*!40101 SET character_set_client = utf8 */;
CREATE TABLE `ingresos` (
  `id_ing` int(11) NOT NULL AUTO_INCREMENT,
  `monto` varchar(45) NOT NULL,
  `tiempo` varchar(45) NOT NULL,
  `totmonto` varchar(45) NOT NULL,
  `fecha` timestamp NULL DEFAULT CURRENT_TIMESTAMP,
  PRIMARY KEY (`id_ing`)
) ENGINE=InnoDB AUTO_INCREMENT=112 DEFAULT CHARSET=latin1;
/*!40101 SET character_set_client = @saved_cs_client */;

--
-- Dumping data for table `ingresos`
--

LOCK TABLES `ingresos` WRITE;
/*!40000 ALTER TABLE `ingresos` DISABLE KEYS */;
INSERT INTO `ingresos` VALUES (1,'6000','2','12000','2018-10-19 04:45:48'),(2,'400','2','1800','2018-10-19 20:39:32'),(3,'1560','9','6240','2018-10-19 23:07:55'),(4,'480','10','9600','2018-10-19 23:33:16'),(5,'2890','11','5780','2018-10-19 23:38:52'),(6,'180','12','3600','2018-10-19 23:39:48'),(7,'1560','13','6240','2018-10-20 16:34:33'),(8,'2890','14','5780','2018-10-20 16:38:13'),(9,'1560','15','6240','2018-10-20 22:17:46'),(10,'1560','16','6240','2018-10-20 22:20:00'),(11,'2000','10','20000','2018-10-20 23:54:06'),(12,'2000','5','10000','2018-10-22 01:56:41'),(13,'1560','18','6240','2018-10-25 16:14:06'),(14,'6000','4','18000','2018-10-27 21:36:54'),(15,'1560','19','6240','2018-10-30 01:46:39'),(16,'3112','4','12448','2018-11-01 18:49:00'),(17,'3112','4','12448','2018-11-01 19:08:23'),(18,'400','20','8000','2018-11-01 19:08:46'),(19,'1200','2','2400','2018-11-01 19:09:27'),(20,'240','20','4800','2018-11-01 19:10:10'),(21,'220','20','4400','2018-11-01 19:40:17'),(22,'300','20','8000','2018-11-01 19:41:31'),(23,'2800','4','11700','2018-11-02 18:15:33'),(24,'1560','23','6240','2018-11-03 23:08:48'),(25,'180','23','3600','2018-11-03 23:21:26'),(26,'1560','25','6240','2018-11-03 23:34:22'),(27,'1560','25','6240','2018-11-03 23:35:17'),(28,'960','25','3840','2018-11-03 23:35:21'),(29,'180','25','3600','2018-11-03 23:36:39'),(30,'180','25','3600','2018-11-03 23:37:10'),(31,'1560','26','6240','2018-11-03 23:37:40'),(32,'1500','4','6000','2018-11-04 21:46:13'),(33,'1560','28','6240','2018-11-05 17:19:14'),(34,'1500','4','6000','2018-11-05 17:23:14'),(35,'2060','29','8240','2018-11-06 23:35:23'),(36,'3890','30','8680','2018-11-06 23:45:36'),(37,'600','20','12000','2018-11-06 23:48:10'),(38,'400','20','8010','2018-11-06 23:55:04'),(39,'1560','31','6240','2018-11-07 00:16:42'),(40,'1500','4','6000','2018-11-07 02:18:04'),(41,'2060','32','8240','2018-11-07 14:04:06'),(42,'180','34','3600','2018-11-07 14:35:31'),(43,'2500','4','10000','2018-11-07 23:39:16'),(44,'2060','35','8240','2018-11-10 17:10:04'),(45,'2060','42','8240','2018-11-11 05:35:05'),(46,'380','43','7600','2018-11-11 05:36:38'),(47,'180','44','3600','2018-11-11 05:38:58'),(48,'180','45','3600','2018-11-11 05:44:18'),(49,'380','48','7600','2018-11-11 15:46:22'),(50,'180','50','3600','2018-11-11 17:08:13'),(51,'380','50','7600','2018-11-11 17:48:28'),(52,'1890','58','3780','2018-11-12 00:35:58'),(53,'3000','4','12000','2018-11-12 23:41:38'),(54,'3000','4','12000','2018-11-12 23:41:46'),(55,'2060','59','8290','2018-11-12 23:45:51'),(56,'960','60','3840','2018-11-12 23:59:07'),(57,'180','61','3600','2018-11-13 01:12:38'),(58,'180','65','3800','2018-11-14 23:37:59'),(59,'4000','2','8000','2018-11-15 19:21:07'),(60,'2561','67','10244','2018-11-17 02:16:12'),(61,'4000','2','8000','2018-11-19 04:01:24'),(62,'4000','20','8000','2018-11-19 15:40:10'),(63,'4000','2','8800','2018-11-19 15:40:45'),(64,'2000','4','18000','2018-11-19 23:01:44'),(65,'2561','65','10244','2018-11-21 00:14:15'),(66,'20','20','400','2018-11-22 01:22:27'),(67,'1200','20','24000','2018-11-22 01:43:27'),(68,'180','67','3600','2018-11-22 18:37:45'),(69,'180','68','3600','2018-11-22 18:50:12'),(70,'100','20','2000','2018-11-22 18:51:54'),(71,'3000','2','6000','2018-11-23 14:55:48'),(72,'2060','69','8240','2018-11-23 15:06:04'),(73,'1560','70','6240','2018-11-23 15:11:25'),(74,'1560','4','6240','2018-11-23 15:21:25'),(75,'2000','4','8000','2018-11-23 15:25:13'),(76,'200','20','4000','2018-11-23 15:52:47'),(77,'1890','2','3780','2018-11-23 19:19:28'),(78,'3000','2','6000','2018-11-23 19:46:15'),(79,'3000','2','6000','2018-11-23 19:51:31'),(80,'120','20','6500','2018-11-23 19:54:58'),(81,'6600','2','13200','2018-11-23 21:49:22'),(82,'2464','4','10256','2018-11-23 21:53:17'),(83,'800','20','16000','2018-11-23 22:02:18'),(84,'800','20','16000','2018-11-23 22:04:01'),(85,'88','20','1760','2018-11-23 23:54:03'),(86,'7921','2','15842','2018-11-23 23:54:59'),(87,'6600','2','13700','2018-11-24 00:04:21'),(88,'4000','2','8000','2018-11-24 00:09:48'),(89,'4000','20','80000','2018-11-24 00:10:40'),(90,'4000','2','8000','2018-11-24 00:11:17'),(91,'1848','4','7392','2019-01-12 18:32:26'),(92,'3960','2','7920','2019-01-26 05:05:58'),(93,'400','20','8400','2019-02-10 02:28:38'),(94,'500','20','10000','2019-02-10 03:11:58'),(95,'2640','2','5280','2019-02-10 03:14:07'),(96,'600','20','12300','2019-02-10 03:15:17'),(97,'88','20','1760','2019-02-15 15:51:12'),(98,'671','4','2684','2019-02-16 15:50:01'),(99,'1230','4','4920','2019-02-21 18:13:04'),(100,'2000','4','8000','2019-02-23 14:43:51'),(101,'2464','4','13400','2019-02-24 16:10:16'),(102,'800','20','16000','2019-03-02 22:36:16'),(103,'6820','2','13640','2019-03-10 01:13:12'),(104,'6810','2','14040','2019-03-10 01:13:42'),(105,'6200','2','12400','2019-03-10 01:15:39'),(106,'6700','2','13400','2019-03-10 01:16:16'),(107,'6300','2','12600','2019-03-10 01:18:25'),(108,'5999','2','11998','2019-03-10 01:18:54'),(109,'400','20','8000','2019-03-10 20:20:47'),(110,'352','20','7040','2019-03-10 22:40:44'),(111,'176','20','3520','2019-03-10 23:55:45');
/*!40000 ALTER TABLE `ingresos` ENABLE KEYS */;
UNLOCK TABLES;

--
-- Table structure for table `ingresos_x`
--

DROP TABLE IF EXISTS `ingresos_x`;
/*!40101 SET @saved_cs_client     = @@character_set_client */;
/*!40101 SET character_set_client = utf8 */;
CREATE TABLE `ingresos_x` (
  `id_ing_x` int(11) NOT NULL AUTO_INCREMENT,
  `monto` varchar(45) DEFAULT NULL,
  `fecha` timestamp NULL DEFAULT CURRENT_TIMESTAMP,
  `status` char(1) DEFAULT NULL,
  PRIMARY KEY (`id_ing_x`)
) ENGINE=InnoDB AUTO_INCREMENT=99 DEFAULT CHARSET=latin1;
/*!40101 SET character_set_client = @saved_cs_client */;

--
-- Dumping data for table `ingresos_x`
--

LOCK TABLES `ingresos_x` WRITE;
/*!40000 ALTER TABLE `ingresos_x` DISABLE KEYS */;
INSERT INTO `ingresos_x` VALUES (1,'800',NULL,NULL),(2,'200','2018-10-19 04:47:57',NULL),(3,'400','2018-10-23 19:47:08',NULL),(4,'200','2018-10-24 00:00:58',NULL),(5,'300','2018-10-24 13:56:42',NULL),(6,'300','2018-10-24 13:57:20',NULL),(7,'300','2018-10-24 13:58:00',NULL),(8,'300','2018-10-24 13:58:06',NULL),(9,'300','2018-10-24 13:59:03',NULL),(10,'300','2018-10-24 13:59:43',NULL),(11,'300','2018-10-24 13:59:45',NULL),(12,'300','2018-10-24 13:59:46',NULL),(13,'300','2018-10-24 13:59:47',NULL),(14,'200','2018-10-24 13:59:52',NULL),(15,'200','2018-10-24 14:00:07',NULL),(16,'200','2018-10-24 14:00:42',NULL),(17,'200','2018-10-24 14:00:46',NULL),(18,'200','2018-10-24 14:01:04',NULL),(19,'200','2018-10-24 14:05:18',NULL),(20,'200','2018-10-24 14:05:27',NULL),(21,'200','2018-10-24 14:05:49',NULL),(22,'200','2018-10-24 14:07:30',NULL),(23,'200','2018-10-24 14:08:46',NULL),(24,'200','2018-10-24 14:11:10',NULL),(25,'200','2018-10-24 14:11:38',NULL),(26,'200','2018-10-24 14:12:36',NULL),(27,'200','2018-10-24 14:12:44',NULL),(28,'200','2018-10-24 14:12:51',NULL),(29,'200','2018-10-24 14:12:55',NULL),(30,'200','2018-10-24 14:15:25',NULL),(31,'200','2018-10-24 14:15:41',NULL),(32,'200','2018-10-24 14:15:53',NULL),(33,'200','2018-10-24 14:16:08',NULL),(34,'200','2018-10-24 14:18:45',NULL),(35,'300','2018-10-24 14:19:41',NULL),(36,'300','2018-10-24 14:22:46',NULL),(37,'500','2018-10-24 14:24:44',NULL),(38,'500','2018-10-24 14:27:03',NULL),(39,'322','2018-10-24 14:27:16',NULL),(40,'300','2018-10-24 14:28:40',NULL),(41,'300','2018-10-24 14:28:54',NULL),(42,'300','2018-10-24 14:29:14',NULL),(43,'300','2018-10-24 14:30:00',NULL),(44,'300','2018-10-24 14:30:10',NULL),(45,'300','2018-10-24 14:30:37',NULL),(46,'300','2018-10-24 14:30:47',NULL),(47,'200','2018-10-24 14:30:57',NULL),(48,'200','2018-10-24 14:39:03',NULL),(49,'340','2018-10-24 22:02:07',NULL),(50,'400','2018-10-24 22:02:36',NULL),(51,'300','2018-10-24 22:02:43',NULL),(52,'500','2018-10-24 22:07:54',NULL),(53,'800','2018-10-25 15:53:06',NULL),(54,'600','2018-10-26 23:15:48',NULL),(55,'600','2018-10-26 23:16:11',NULL),(56,'566','2018-10-26 23:19:57',NULL),(57,'900','2018-10-26 23:21:24',NULL),(58,'500','2018-10-26 23:30:19',NULL),(59,'7000','2018-10-26 23:44:50',NULL),(60,'500','2018-10-27 21:15:50',NULL),(61,'7000','2018-10-27 21:16:24',NULL),(62,'300','2018-11-02 03:47:28',NULL),(63,'200','2018-11-02 18:14:44',NULL),(64,'null','2018-11-02 18:49:25',NULL),(65,'null','2018-11-02 18:49:28',NULL),(66,'null','2018-11-02 18:49:31',NULL),(67,'null','2018-11-02 18:50:19',NULL),(68,'12','2018-11-02 19:04:54',NULL),(69,'200','2018-11-03 23:28:53',NULL),(70,'0','2018-11-03 23:33:02','0'),(71,'0','2018-11-03 23:33:09','0'),(72,'0','2018-11-03 23:33:13','0'),(73,'0','2018-11-03 23:33:16','0'),(74,'0','2018-11-03 23:33:32','0'),(75,'0','2018-11-03 23:34:20','0'),(76,'0','2018-11-03 23:36:31','0'),(77,'0','2018-11-03 23:36:37','0'),(78,'0','2018-11-03 23:37:38','0'),(79,'200','2018-11-03 23:38:07',NULL),(80,'200','2018-11-03 23:46:43',NULL),(81,'200','2018-11-03 23:49:24',NULL),(82,'200','2018-11-03 23:49:50',NULL),(83,'300','2018-11-03 23:50:14',NULL),(84,'500','2018-11-03 23:55:35',NULL),(85,'900','2018-11-06 23:47:56',NULL),(86,'10','2018-11-07 01:32:24',NULL),(87,'50','2018-11-12 23:50:08',NULL),(88,'200','2018-11-15 00:13:53',NULL),(89,'800','2018-11-19 20:51:33',NULL),(90,'10000','2018-11-22 01:42:31',NULL),(91,'200','2018-11-23 21:56:01',NULL),(92,'200','2018-11-23 21:56:12',NULL),(93,'4000','2018-11-23 21:57:52',NULL),(94,'100','2018-11-23 21:58:25',NULL),(95,'500','2018-11-24 00:07:42',NULL),(96,'400','2019-02-10 02:29:01',NULL),(97,'300','2019-02-10 03:16:32',NULL),(98,'400','2019-03-10 01:15:12',NULL);
/*!40000 ALTER TABLE `ingresos_x` ENABLE KEYS */;
UNLOCK TABLES;

--
-- Table structure for table `planahorro`
--

DROP TABLE IF EXISTS `planahorro`;
/*!40101 SET @saved_cs_client     = @@character_set_client */;
/*!40101 SET character_set_client = utf8 */;
CREATE TABLE `planahorro` (
  `id_plan` int(11) NOT NULL AUTO_INCREMENT,
  `tiempo` varchar(45) DEFAULT NULL,
  `ahorro` int(11) DEFAULT NULL,
  `fecha` timestamp NULL DEFAULT CURRENT_TIMESTAMP,
  `ahorro_p` int(11) DEFAULT NULL,
  PRIMARY KEY (`id_plan`)
) ENGINE=InnoDB AUTO_INCREMENT=42 DEFAULT CHARSET=latin1;
/*!40101 SET character_set_client = @saved_cs_client */;

--
-- Dumping data for table `planahorro`
--

LOCK TABLES `planahorro` WRITE;
/*!40000 ALTER TABLE `planahorro` DISABLE KEYS */;
INSERT INTO `planahorro` VALUES (2,'4',431,'2018-10-20 22:18:33',NULL),(3,'20',0,'2018-10-20 22:20:16',NULL),(4,'4',586,'2018-10-25 16:14:43',NULL),(5,'4',431,'2018-10-30 01:47:09',NULL),(6,'4',200,'2018-11-03 23:27:19',NULL),(7,'4',7,'2018-11-03 23:37:51',NULL),(8,'4',200,'2018-11-05 17:19:28',NULL),(9,'4',900,'2018-11-06 23:45:49',NULL),(10,'4',200,NULL,NULL),(11,'20',200,'2018-11-07 00:02:25',NULL),(12,'4',1200,'2018-11-07 14:04:25',NULL),(13,'20',50,'2018-11-10 17:10:57',NULL),(14,'4',120,'2018-11-11 05:35:17',NULL),(15,'4',102,'2018-11-11 05:36:48',NULL),(16,'4',123,'2018-11-11 05:39:10',NULL),(17,'4',122,'2018-11-11 05:44:26',NULL),(18,'4',400,'2018-11-11 15:46:39',NULL),(19,'20',900600,'2018-11-12 23:46:44',NULL),(20,'4',200,'2018-11-13 00:04:09',NULL),(21,'20',3000,'2018-11-14 23:38:13',NULL),(22,'2',8000,'2018-11-17 02:16:53',NULL),(23,'4',2000,'2018-11-21 00:15:18',NULL),(24,'20',400,'2018-11-22 18:37:57',NULL),(25,'20',100,'2018-11-22 18:51:04',NULL),(26,'20',400,'2018-11-23 15:23:59',NULL),(27,'4',200,'2018-11-23 21:51:05',NULL),(28,'4',200,'2018-11-23 21:53:54',NULL),(29,'2',8000,'2018-11-23 23:55:58',NULL),(30,'4',2,'2018-11-23 23:57:39',20),(31,'2',12000,'2018-11-24 00:05:01',20),(32,'4',60,'2019-01-12 18:36:54',20),(33,'4',400,'2019-01-26 05:17:12',20),(34,'4',400,'2019-01-26 05:18:30',20),(35,'20',3350,'2019-02-10 03:14:18',20),(36,'4',2000,'2019-02-15 15:51:25',20),(37,'20',790,'2019-02-16 15:50:23',790),(38,'4',1600,'2019-02-21 18:13:18',20),(39,'20',12000,'2019-02-24 16:10:38',12000),(40,'20',311,'2019-03-10 22:40:56',311),(41,'2',900,'2019-03-10 23:55:58',900);
/*!40000 ALTER TABLE `planahorro` ENABLE KEYS */;
UNLOCK TABLES;

--
-- Table structure for table `proyecciones`
--

DROP TABLE IF EXISTS `proyecciones`;
/*!40101 SET @saved_cs_client     = @@character_set_client */;
/*!40101 SET character_set_client = utf8 */;
CREATE TABLE `proyecciones` (
  `idProyecciones` int(11) NOT NULL AUTO_INCREMENT,
  `id_usr` int(11) DEFAULT NULL,
  `id_gf` int(11) DEFAULT NULL,
  `id_gv` int(11) DEFAULT NULL,
  `id_ing` int(11) DEFAULT NULL,
  `id_ing_x` int(11) DEFAULT NULL,
  PRIMARY KEY (`idProyecciones`),
  KEY `fk_Proyecciones_1_idx` (`id_usr`),
  KEY `fk_Proyecciones_2_idx` (`id_gf`),
  KEY `fk_Proyecciones_3_idx` (`id_gv`),
  KEY `fk_Proyecciones_5_idx` (`id_ing_x`),
  CONSTRAINT `fk_Proyecciones_1` FOREIGN KEY (`id_usr`) REFERENCES `usuario` (`id_usr`) ON DELETE CASCADE ON UPDATE CASCADE,
  CONSTRAINT `fk_Proyecciones_2` FOREIGN KEY (`id_gf`) REFERENCES `gastosfijos` (`id_gf`) ON DELETE CASCADE ON UPDATE CASCADE,
  CONSTRAINT `fk_Proyecciones_3` FOREIGN KEY (`id_gv`) REFERENCES `gastosvariables` (`id_gv`) ON DELETE CASCADE ON UPDATE CASCADE,
  CONSTRAINT `fk_Proyecciones_5` FOREIGN KEY (`id_ing_x`) REFERENCES `ingresos_x` (`id_ing_x`) ON DELETE CASCADE ON UPDATE CASCADE
) ENGINE=InnoDB AUTO_INCREMENT=222 DEFAULT CHARSET=latin1;
/*!40101 SET character_set_client = @saved_cs_client */;

--
-- Dumping data for table `proyecciones`
--

LOCK TABLES `proyecciones` WRITE;
/*!40000 ALTER TABLE `proyecciones` DISABLE KEYS */;
INSERT INTO `proyecciones` VALUES (111,49,66,NULL,NULL,NULL),(114,58,69,NULL,52,NULL),(123,62,75,NULL,NULL,NULL),(150,65,84,NULL,65,NULL),(151,65,NULL,54,NULL,NULL),(152,65,NULL,55,NULL,NULL),(153,65,NULL,56,NULL,NULL),(160,67,87,NULL,68,NULL),(161,68,88,NULL,69,NULL),(162,68,89,NULL,70,NULL),(164,69,91,NULL,72,NULL),(165,70,92,NULL,73,NULL),(166,71,93,NULL,74,NULL),(167,71,94,NULL,75,NULL),(168,71,95,NULL,76,NULL),(169,72,96,NULL,77,NULL),(173,73,100,NULL,81,NULL),(174,74,101,NULL,82,NULL),(175,74,NULL,60,NULL,NULL),(176,74,NULL,61,NULL,NULL),(177,74,NULL,NULL,NULL,91),(178,74,NULL,NULL,NULL,92),(184,75,104,NULL,85,NULL),(185,76,105,NULL,86,NULL),(186,77,106,NULL,87,NULL),(187,77,NULL,63,NULL,NULL),(188,77,NULL,NULL,NULL,95),(189,77,107,NULL,88,NULL),(190,77,108,NULL,89,NULL),(191,77,109,NULL,90,NULL),(192,78,110,NULL,91,NULL),(193,79,111,NULL,92,NULL),(194,79,NULL,64,NULL,NULL),(195,79,112,NULL,93,NULL),(196,79,NULL,65,NULL,NULL),(197,79,NULL,NULL,NULL,96),(198,79,113,NULL,94,NULL),(199,80,114,NULL,95,NULL),(200,80,115,NULL,96,NULL),(201,80,NULL,NULL,NULL,97),(202,80,NULL,66,NULL,NULL),(203,81,116,NULL,97,NULL),(204,82,117,NULL,98,NULL),(205,83,118,NULL,99,NULL),(206,82,119,NULL,100,NULL),(207,84,120,NULL,NULL,NULL),(208,85,121,NULL,101,NULL),(209,82,122,NULL,102,NULL),(210,82,NULL,67,NULL,NULL),(211,85,123,NULL,103,NULL),(212,85,124,NULL,104,NULL),(213,85,NULL,NULL,NULL,98),(214,85,125,NULL,105,NULL),(215,85,126,NULL,106,NULL),(216,85,127,NULL,107,NULL),(217,85,128,NULL,108,NULL),(218,85,NULL,68,NULL,NULL),(219,82,129,NULL,109,NULL),(220,86,130,NULL,110,NULL),(221,87,131,NULL,111,NULL);
/*!40000 ALTER TABLE `proyecciones` ENABLE KEYS */;
UNLOCK TABLES;

--
-- Table structure for table `usuario`
--

DROP TABLE IF EXISTS `usuario`;
/*!40101 SET @saved_cs_client     = @@character_set_client */;
/*!40101 SET character_set_client = utf8 */;
CREATE TABLE `usuario` (
  `id_usr` int(11) NOT NULL AUTO_INCREMENT,
  `nom` varchar(45) NOT NULL,
  `psw` varchar(255) NOT NULL,
  `id_plan` int(11) DEFAULT NULL,
  `mail` varchar(45) DEFAULT NULL,
  `bd` varchar(45) DEFAULT NULL,
  `sex` char(1) DEFAULT NULL,
  `meta` varchar(45) DEFAULT NULL,
  `montometa` varchar(45) DEFAULT NULL,
  `montometafinal` varchar(45) DEFAULT NULL,
  PRIMARY KEY (`id_usr`),
  KEY `planahorro_idx` (`id_plan`)
) ENGINE=InnoDB AUTO_INCREMENT=88 DEFAULT CHARSET=latin1;
/*!40101 SET character_set_client = @saved_cs_client */;

--
-- Dumping data for table `usuario`
--

LOCK TABLES `usuario` WRITE;
/*!40000 ALTER TABLE `usuario` DISABLE KEYS */;
INSERT INTO `usuario` VALUES (46,'AMY','3c9909afec25354d551dae21590bb26e38d53f2173b8d3dc3eee4c047e7ab1c1eb8b85103e3be7ba613b31bb5c9c36214dc9f14a42fd7a2fdb84856bca5c44c2',NULL,'H160165@PRODIGY.NET.NX','1999-12-12','F',NULL,NULL,NULL),(49,'Emma','fa1f5406758e1b5bef4bb775d8da544d4cd4ceeab66c4b7522bec42632e3db1ab13c5e91415e68a9569c53fa64d7678beee7075050bbba30f2579f9572909922',NULL,'emma@gmail.com','1999-12-12','F',NULL,NULL,NULL),(58,'nachojimenez','3c9909afec25354d551dae21590bb26e38d53f2173b8d3dc3eee4c047e7ab1c1eb8b85103e3be7ba613b31bb5c9c36214dc9f14a42fd7a2fdb84856bca5c44c2',NULL,'killerblack@gmail.com','1999-12-12','F',NULL,NULL,NULL),(62,'yolanda','3c9909afec25354d551dae21590bb26e38d53f2173b8d3dc3eee4c047e7ab1c1eb8b85103e3be7ba613b31bb5c9c36214dc9f14a42fd7a2fdb84856bca5c44c2',NULL,'franciaelegante@gmail.com','1999-12-12','F',NULL,NULL,NULL),(64,'sandraordaz','3c9909afec25354d551dae21590bb26e38d53f2173b8d3dc3eee4c047e7ab1c1eb8b85103e3be7ba613b31bb5c9c36214dc9f14a42fd7a2fdb84856bca5c44c2',NULL,'sandrita@gmail.com','1999-12-12','F',NULL,NULL,NULL),(65,'Octavio21','e0a034a0db468d6cab04f1c7b49ace0da22eb8e96e5289b8a11cd823398165bf7b71953beabc9189e9870fe8462d1d1efdd8d248b573c1c8fb60aeb6ac61aaa2',NULL,'octeto@octavius.oc','1999-11-11','M','Playstation','30000','30000'),(67,'antonio123','3627909a29c31381a071ec27f7c9ca97726182aed29a7ddd2e54353322cfb30abb9e3a6df2ac2c20fe23436311d678564d0c8d305930575f60e2d3d048184d79',NULL,'antonio@gmail.com','2000-12-12','M','coche','100000','100000'),(68,'Robertogomez','ba3253876aed6bc22d4a6ff53d8406c6ad864195ed144ab5c87621b6c233b548baeae6956df346ec8c17f5ea10f35ee3cbc514797ed7ddd3145464e2a0bab413',NULL,'robert@gmail.com.mx','1965-04-03','M','comprar un trenecito','1000','1000'),(69,'Sandra','b256b50f7af864a312aea8e4d8ad80c1e845d8809a1136350ec425afddecddc4eaa22f061721b88a9d2879871cf70d1de63cbe33e781dadb62afeecd76f7fec6',NULL,'sandraau@gmail.com','1996-09-12','F',NULL,NULL,NULL),(70,'Linda','ba3253876aed6bc22d4a6ff53d8406c6ad864195ed144ab5c87621b6c233b548baeae6956df346ec8c17f5ea10f35ee3cbc514797ed7ddd3145464e2a0bab413',NULL,'linda@gmail.com','1994-07-18','F',NULL,NULL,NULL),(71,'Jimena','ea94a1d4f7ecc3c80f5df2d534d17a0b60d537c0cacb7f00aab614218a630f8e2182e665b2806849de24fad8c6eddd5742d775a895735066ae99ecb4700162f1',NULL,'jimena123@gmail.com','1982-12-12','F','comprar comida','2000','2000'),(72,'EdgarUrielSamano','ba3253876aed6bc22d4a6ff53d8406c6ad864195ed144ab5c87621b6c233b548baeae6956df346ec8c17f5ea10f35ee3cbc514797ed7ddd3145464e2a0bab413',NULL,'uriel@gmail.com','2004-09-12','M',NULL,NULL,NULL),(73,'Alan1','aeecdcc449d2780cd11291a5b156c1b5e68b06e883c3fd7c205acf463861f474cc37c7729a5e478568e23e12318f575714498a1f3fd0faaef8039cd711f3590a',NULL,'alan@gmail.com','1999-09-10','M','<s>compra una laptop</s>','5000','5000'),(74,'DiegoMartinez','7fa99a92fe9dfb80573d95f1bcce01362adf9c0650a952c0660100e5e6e435c66002fe2557fdd3948c16ac89280ce563d8af5d9f9b725fb73e41059dca927c93',NULL,'diegobellic@gmail.com','1999-12-12','M','comprar una laptop','20000','20000'),(75,'00000','a7de78f5b4d7b66b6424f7ee3503095a97d3a432dcc3834d14431b3afed198e73a32d3d92a813747d0691326c5c677159a1184deb5912eeaf3af9fa6fc9ec70b',NULL,'00','1920-01-01','M','','-10000','-10000'),(76,'Jaime123','ba3253876aed6bc22d4a6ff53d8406c6ad864195ed144ab5c87621b6c233b548baeae6956df346ec8c17f5ea10f35ee3cbc514797ed7ddd3145464e2a0bab413',NULL,'demonassit@gmail.com','2000-01-01','O','sasasas','-33000000000000000000000','-33000000000000000000000'),(77,'PonchoHR65','4a1717f46ce18887a7b0511cfc58417ed9e2f297690a9d96cfde0d3c6d8ce94e0b912dc6cf1783c32446dac1a47eded336ef4cfa0185ab307c5e8060fc48934e',NULL,'AlfonsoHR65@solabasic.com','1970-09-12','M','Comprar calentador solar','40000','28000'),(78,'Daniela','ba3253876aed6bc22d4a6ff53d8406c6ad864195ed144ab5c87621b6c233b548baeae6956df346ec8c17f5ea10f35ee3cbc514797ed7ddd3145464e2a0bab413',NULL,'dann@gmail.com','1999-09-12','F','Comprar un coche','01000','01000'),(79,'Akali','ba3253876aed6bc22d4a6ff53d8406c6ad864195ed144ab5c87621b6c233b548baeae6956df346ec8c17f5ea10f35ee3cbc514797ed7ddd3145464e2a0bab413',79,'akaliaburama@gmail.com','1999-12-12','F','skeeere','211','211'),(80,'ReiAyanami','ba3253876aed6bc22d4a6ff53d8406c6ad864195ed144ab5c87621b6c233b548baeae6956df346ec8c17f5ea10f35ee3cbc514797ed7ddd3145464e2a0bab413',35,'reiayanami@gmail.com','1999-12-12','F','unatele','9000','150'),(81,'Heinz123','ba3253876aed6bc22d4a6ff53d8406c6ad864195ed144ab5c87621b6c233b548baeae6956df346ec8c17f5ea10f35ee3cbc514797ed7ddd3145464e2a0bab413',36,'heinx123@gmail.com','1999-12-12','F','comprar auto','60000','60000'),(82,'Stevie','ba3253876aed6bc22d4a6ff53d8406c6ad864195ed144ab5c87621b6c233b548baeae6956df346ec8c17f5ea10f35ee3cbc514797ed7ddd3145464e2a0bab413',37,'stevie@gmail.com','1999-12-12','F','Comprar una computadora','10000','9210'),(83,'Jonny123','ba3253876aed6bc22d4a6ff53d8406c6ad864195ed144ab5c87621b6c233b548baeae6956df346ec8c17f5ea10f35ee3cbc514797ed7ddd3145464e2a0bab413',38,'jhonny@gmail.com','1999-12-12','F','comprar una serie','2000','1200'),(84,'umama','ba3253876aed6bc22d4a6ff53d8406c6ad864195ed144ab5c87621b6c233b548baeae6956df346ec8c17f5ea10f35ee3cbc514797ed7ddd3145464e2a0bab413',NULL,'umamu@gmail.com','1999-12-12','M',NULL,NULL,NULL),(85,'AdolfoHuerta','253ca70bfcb219e74c7c7051443f7fce315f8f8ee6e46926c74f9b913314ad64752be18a78cd3549a86e23f969e30a9a53f225e02021154312849d009c3d0c9b',39,'fitox.metallica@gmail.com','1999-12-12','M','Automovil','96500','84500'),(86,'ulala','253ca70bfcb219e74c7c7051443f7fce315f8f8ee6e46926c74f9b913314ad64752be18a78cd3549a86e23f969e30a9a53f225e02021154312849d009c3d0c9b',40,'fitox.metallica@gmail.com.mx','1999-12-12','F','ahhhh','900','900'),(87,'yutub','ba3253876aed6bc22d4a6ff53d8406c6ad864195ed144ab5c87621b6c233b548baeae6956df346ec8c17f5ea10f35ee3cbc514797ed7ddd3145464e2a0bab413',41,'fitox.metallica@gmail.com.mn','1999-12-12','F','islas','900','900');
/*!40000 ALTER TABLE `usuario` ENABLE KEYS */;
UNLOCK TABLES;

--
-- Dumping events for database 'coinsproyect'
--

--
-- Dumping routines for database 'coinsproyect'
--
/*!50003 DROP PROCEDURE IF EXISTS `encriptado` */;
/*!50003 SET @saved_cs_client      = @@character_set_client */ ;
/*!50003 SET @saved_cs_results     = @@character_set_results */ ;
/*!50003 SET @saved_col_connection = @@collation_connection */ ;
/*!50003 SET character_set_client  = utf8 */ ;
/*!50003 SET character_set_results = utf8 */ ;
/*!50003 SET collation_connection  = utf8_general_ci */ ;
/*!50003 SET @saved_sql_mode       = @@sql_mode */ ;
/*!50003 SET sql_mode              = 'ONLY_FULL_GROUP_BY,STRICT_TRANS_TABLES,NO_ZERO_IN_DATE,NO_ZERO_DATE,ERROR_FOR_DIVISION_BY_ZERO,NO_AUTO_CREATE_USER,NO_ENGINE_SUBSTITUTION' */ ;
DELIMITER ;;
CREATE DEFINER=`root`@`localhost` PROCEDURE `encriptado`(in usr varchar(45), IN psw varchar(255))
    DETERMINISTIC
BEGIN
    INSERT INTO test (USER,PASS) VALUES(usr,psw);
END ;;
DELIMITER ;
/*!50003 SET sql_mode              = @saved_sql_mode */ ;
/*!50003 SET character_set_client  = @saved_cs_client */ ;
/*!50003 SET character_set_results = @saved_cs_results */ ;
/*!50003 SET collation_connection  = @saved_col_connection */ ;
/*!50003 DROP PROCEDURE IF EXISTS `gastosfijos` */;
/*!50003 SET @saved_cs_client      = @@character_set_client */ ;
/*!50003 SET @saved_cs_results     = @@character_set_results */ ;
/*!50003 SET @saved_col_connection = @@collation_connection */ ;
/*!50003 SET character_set_client  = utf8 */ ;
/*!50003 SET character_set_results = utf8 */ ;
/*!50003 SET collation_connection  = utf8_general_ci */ ;
/*!50003 SET @saved_sql_mode       = @@sql_mode */ ;
/*!50003 SET sql_mode              = 'ONLY_FULL_GROUP_BY,STRICT_TRANS_TABLES,NO_ZERO_IN_DATE,NO_ZERO_DATE,ERROR_FOR_DIVISION_BY_ZERO,NO_AUTO_CREATE_USER,NO_ENGINE_SUBSTITUTION' */ ;
DELIMITER ;;
CREATE DEFINER=`root`@`localhost` PROCEDURE `gastosfijos`(in usr int(11))
BEGIN
select g.Electricidad,g.Agua,g.Gas,g.Comida,g.Prestamo,g.Transporte,g.Sum,g.Extra from gastosfijos as g inner join proyecciones as p on g.id_gf=p.id_gf inner join usuario as u
on p.id_usr=u.id_usr where u.id_usr=usr order by g.id_gf DESC limit 1;
END ;;
DELIMITER ;
/*!50003 SET sql_mode              = @saved_sql_mode */ ;
/*!50003 SET character_set_client  = @saved_cs_client */ ;
/*!50003 SET character_set_results = @saved_cs_results */ ;
/*!50003 SET collation_connection  = @saved_col_connection */ ;
/*!50003 DROP PROCEDURE IF EXISTS `idahorro` */;
/*!50003 SET @saved_cs_client      = @@character_set_client */ ;
/*!50003 SET @saved_cs_results     = @@character_set_results */ ;
/*!50003 SET @saved_col_connection = @@collation_connection */ ;
/*!50003 SET character_set_client  = utf8 */ ;
/*!50003 SET character_set_results = utf8 */ ;
/*!50003 SET collation_connection  = utf8_general_ci */ ;
/*!50003 SET @saved_sql_mode       = @@sql_mode */ ;
/*!50003 SET sql_mode              = 'STRICT_TRANS_TABLES,NO_AUTO_CREATE_USER,NO_ENGINE_SUBSTITUTION' */ ;
DELIMITER ;;
CREATE DEFINER=`root`@`localhost` PROCEDURE `idahorro`(in  nom varchar(45))
BEGIN
select p.id_plan from planahorro as p inner join usuario as u on p.id_plan=u.id_plan where u.nom=nom;
END ;;
DELIMITER ;
/*!50003 SET sql_mode              = @saved_sql_mode */ ;
/*!50003 SET character_set_client  = @saved_cs_client */ ;
/*!50003 SET character_set_results = @saved_cs_results */ ;
/*!50003 SET collation_connection  = @saved_col_connection */ ;
/*!50003 DROP PROCEDURE IF EXISTS `idgf` */;
/*!50003 SET @saved_cs_client      = @@character_set_client */ ;
/*!50003 SET @saved_cs_results     = @@character_set_results */ ;
/*!50003 SET @saved_col_connection = @@collation_connection */ ;
/*!50003 SET character_set_client  = utf8 */ ;
/*!50003 SET character_set_results = utf8 */ ;
/*!50003 SET collation_connection  = utf8_general_ci */ ;
/*!50003 SET @saved_sql_mode       = @@sql_mode */ ;
/*!50003 SET sql_mode              = 'ONLY_FULL_GROUP_BY,STRICT_TRANS_TABLES,NO_ZERO_IN_DATE,NO_ZERO_DATE,ERROR_FOR_DIVISION_BY_ZERO,NO_AUTO_CREATE_USER,NO_ENGINE_SUBSTITUTION' */ ;
DELIMITER ;;
CREATE DEFINER=`root`@`localhost` PROCEDURE `idgf`(in usr int(11))
BEGIN

select g.id_gf from gastosfijos as g inner join proyecciones as p on g.id_gf=p.id_gf 
 inner join  usuario as u on p.id_usr=u.id_usr where u.id_usr = usr order by g.id_gf DESC limit 1;

END ;;
DELIMITER ;
/*!50003 SET sql_mode              = @saved_sql_mode */ ;
/*!50003 SET character_set_client  = @saved_cs_client */ ;
/*!50003 SET character_set_results = @saved_cs_results */ ;
/*!50003 SET collation_connection  = @saved_col_connection */ ;
/*!50003 DROP PROCEDURE IF EXISTS `idingresos` */;
/*!50003 SET @saved_cs_client      = @@character_set_client */ ;
/*!50003 SET @saved_cs_results     = @@character_set_results */ ;
/*!50003 SET @saved_col_connection = @@collation_connection */ ;
/*!50003 SET character_set_client  = utf8 */ ;
/*!50003 SET character_set_results = utf8 */ ;
/*!50003 SET collation_connection  = utf8_general_ci */ ;
/*!50003 SET @saved_sql_mode       = @@sql_mode */ ;
/*!50003 SET sql_mode              = 'ONLY_FULL_GROUP_BY,STRICT_TRANS_TABLES,NO_ZERO_IN_DATE,NO_ZERO_DATE,ERROR_FOR_DIVISION_BY_ZERO,NO_AUTO_CREATE_USER,NO_ENGINE_SUBSTITUTION' */ ;
DELIMITER ;;
CREATE DEFINER=`root`@`localhost` PROCEDURE `idingresos`(in usr int(11))
BEGIN
select i.id_ing from ingresos as i inner join proyecciones as p on i.id_ing=p.id_ing 
 inner join  usuario as u on p.id_usr=u.id_usr where u.id_usr = usr order by i.id_ing DESC limit 1;
END ;;
DELIMITER ;
/*!50003 SET sql_mode              = @saved_sql_mode */ ;
/*!50003 SET character_set_client  = @saved_cs_client */ ;
/*!50003 SET character_set_results = @saved_cs_results */ ;
/*!50003 SET collation_connection  = @saved_col_connection */ ;
/*!50003 DROP PROCEDURE IF EXISTS `idplan` */;
/*!50003 SET @saved_cs_client      = @@character_set_client */ ;
/*!50003 SET @saved_cs_results     = @@character_set_results */ ;
/*!50003 SET @saved_col_connection = @@collation_connection */ ;
/*!50003 SET character_set_client  = utf8 */ ;
/*!50003 SET character_set_results = utf8 */ ;
/*!50003 SET collation_connection  = utf8_general_ci */ ;
/*!50003 SET @saved_sql_mode       = @@sql_mode */ ;
/*!50003 SET sql_mode              = 'ONLY_FULL_GROUP_BY,STRICT_TRANS_TABLES,NO_ZERO_IN_DATE,NO_ZERO_DATE,ERROR_FOR_DIVISION_BY_ZERO,NO_AUTO_CREATE_USER,NO_ENGINE_SUBSTITUTION' */ ;
DELIMITER ;;
CREATE DEFINER=`root`@`localhost` PROCEDURE `idplan`(in usr varchar(45))
BEGIN
SELECT IFNULL(id_plan, "nada") as identificador  from usuario where nom = usr;
END ;;
DELIMITER ;
/*!50003 SET sql_mode              = @saved_sql_mode */ ;
/*!50003 SET character_set_client  = @saved_cs_client */ ;
/*!50003 SET character_set_results = @saved_cs_results */ ;
/*!50003 SET collation_connection  = @saved_col_connection */ ;
/*!50003 DROP PROCEDURE IF EXISTS `idvalidar` */;
/*!50003 SET @saved_cs_client      = @@character_set_client */ ;
/*!50003 SET @saved_cs_results     = @@character_set_results */ ;
/*!50003 SET @saved_col_connection = @@collation_connection */ ;
/*!50003 SET character_set_client  = utf8 */ ;
/*!50003 SET character_set_results = utf8 */ ;
/*!50003 SET collation_connection  = utf8_general_ci */ ;
/*!50003 SET @saved_sql_mode       = @@sql_mode */ ;
/*!50003 SET sql_mode              = 'ONLY_FULL_GROUP_BY,STRICT_TRANS_TABLES,NO_ZERO_IN_DATE,NO_ZERO_DATE,ERROR_FOR_DIVISION_BY_ZERO,NO_AUTO_CREATE_USER,NO_ENGINE_SUBSTITUTION' */ ;
DELIMITER ;;
CREATE DEFINER=`root`@`localhost` PROCEDURE `idvalidar`(in usr varchar(45))
BEGIN
select (usuario.id_usr) from usuario where usuario.nom=usr;
END ;;
DELIMITER ;
/*!50003 SET sql_mode              = @saved_sql_mode */ ;
/*!50003 SET character_set_client  = @saved_cs_client */ ;
/*!50003 SET character_set_results = @saved_cs_results */ ;
/*!50003 SET collation_connection  = @saved_col_connection */ ;
/*!50003 DROP PROCEDURE IF EXISTS `ingresostot` */;
/*!50003 SET @saved_cs_client      = @@character_set_client */ ;
/*!50003 SET @saved_cs_results     = @@character_set_results */ ;
/*!50003 SET @saved_col_connection = @@collation_connection */ ;
/*!50003 SET character_set_client  = utf8 */ ;
/*!50003 SET character_set_results = utf8 */ ;
/*!50003 SET collation_connection  = utf8_general_ci */ ;
/*!50003 SET @saved_sql_mode       = @@sql_mode */ ;
/*!50003 SET sql_mode              = 'ONLY_FULL_GROUP_BY,STRICT_TRANS_TABLES,NO_ZERO_IN_DATE,NO_ZERO_DATE,ERROR_FOR_DIVISION_BY_ZERO,NO_AUTO_CREATE_USER,NO_ENGINE_SUBSTITUTION' */ ;
DELIMITER ;;
CREATE DEFINER=`root`@`localhost` PROCEDURE `ingresostot`( in usr int(11))
BEGIN
select i.totmonto from ingresos as i inner join proyecciones as p on i.id_ing=p.id_ing inner join usuario as u
on p.id_usr=u.id_usr where u.id_usr=usr order by i.id_ing DESC limit 1 ;
END ;;
DELIMITER ;
/*!50003 SET sql_mode              = @saved_sql_mode */ ;
/*!50003 SET character_set_client  = @saved_cs_client */ ;
/*!50003 SET character_set_results = @saved_cs_results */ ;
/*!50003 SET collation_connection  = @saved_col_connection */ ;
/*!50003 DROP PROCEDURE IF EXISTS `ingresosvsgastos` */;
/*!50003 SET @saved_cs_client      = @@character_set_client */ ;
/*!50003 SET @saved_cs_results     = @@character_set_results */ ;
/*!50003 SET @saved_col_connection = @@collation_connection */ ;
/*!50003 SET character_set_client  = utf8 */ ;
/*!50003 SET character_set_results = utf8 */ ;
/*!50003 SET collation_connection  = utf8_general_ci */ ;
/*!50003 SET @saved_sql_mode       = @@sql_mode */ ;
/*!50003 SET sql_mode              = 'ONLY_FULL_GROUP_BY,STRICT_TRANS_TABLES,NO_ZERO_IN_DATE,NO_ZERO_DATE,ERROR_FOR_DIVISION_BY_ZERO,NO_AUTO_CREATE_USER,NO_ENGINE_SUBSTITUTION' */ ;
DELIMITER ;;
CREATE DEFINER=`root`@`localhost` PROCEDURE `ingresosvsgastos`(in usr int(11))
BEGIN
SELECT (i.totmonto - g.Sum) as grandtotal FROM ingresos as i inner join proyecciones as p on i.id_ing=p.id_ing 
inner join gastosfijos as g on p.id_gf=g.id_gf inner join  usuario as u on p.id_usr=u.id_usr where p.id_usr = usr order by p.idProyecciones DESC limit 1 ; 
END ;;
DELIMITER ;
/*!50003 SET sql_mode              = @saved_sql_mode */ ;
/*!50003 SET character_set_client  = @saved_cs_client */ ;
/*!50003 SET character_set_results = @saved_cs_results */ ;
/*!50003 SET collation_connection  = @saved_col_connection */ ;
/*!50003 DROP PROCEDURE IF EXISTS `iniciar` */;
/*!50003 SET @saved_cs_client      = @@character_set_client */ ;
/*!50003 SET @saved_cs_results     = @@character_set_results */ ;
/*!50003 SET @saved_col_connection = @@collation_connection */ ;
/*!50003 SET character_set_client  = utf8 */ ;
/*!50003 SET character_set_results = utf8 */ ;
/*!50003 SET collation_connection  = utf8_general_ci */ ;
/*!50003 SET @saved_sql_mode       = @@sql_mode */ ;
/*!50003 SET sql_mode              = 'ONLY_FULL_GROUP_BY,STRICT_TRANS_TABLES,NO_ZERO_IN_DATE,NO_ZERO_DATE,ERROR_FOR_DIVISION_BY_ZERO,NO_AUTO_CREATE_USER,NO_ENGINE_SUBSTITUTION' */ ;
DELIMITER ;;
CREATE DEFINER=`root`@`localhost` PROCEDURE `iniciar`( in usr int(11))
BEGIN
SET @numero=0;
SELECT @numero:=@numero+1 AS `posicion` , g.Sum, i.totmonto from ingresos as i inner join proyecciones as p on i.id_ing=p.id_ing 
inner join gastosfijos as g on p.id_gf=g.id_gf inner join  usuario as u on p.id_usr=u.id_usr where p.id_usr = usr ; 
END ;;
DELIMITER ;
/*!50003 SET sql_mode              = @saved_sql_mode */ ;
/*!50003 SET character_set_client  = @saved_cs_client */ ;
/*!50003 SET character_set_results = @saved_cs_results */ ;
/*!50003 SET collation_connection  = @saved_col_connection */ ;
/*!50003 DROP PROCEDURE IF EXISTS `meh` */;
/*!50003 SET @saved_cs_client      = @@character_set_client */ ;
/*!50003 SET @saved_cs_results     = @@character_set_results */ ;
/*!50003 SET @saved_col_connection = @@collation_connection */ ;
/*!50003 SET character_set_client  = utf8 */ ;
/*!50003 SET character_set_results = utf8 */ ;
/*!50003 SET collation_connection  = utf8_general_ci */ ;
/*!50003 SET @saved_sql_mode       = @@sql_mode */ ;
/*!50003 SET sql_mode              = 'ONLY_FULL_GROUP_BY,STRICT_TRANS_TABLES,NO_ZERO_IN_DATE,NO_ZERO_DATE,ERROR_FOR_DIVISION_BY_ZERO,NO_AUTO_CREATE_USER,NO_ENGINE_SUBSTITUTION' */ ;
DELIMITER ;;
CREATE DEFINER=`root`@`localhost` PROCEDURE `meh`( in usr varchar(45), in psw varchar(45))
BEGIN
SELECT * FROM coinsproyect.usuario where nom = usr and psw = SHA(psw);
END ;;
DELIMITER ;
/*!50003 SET sql_mode              = @saved_sql_mode */ ;
/*!50003 SET character_set_client  = @saved_cs_client */ ;
/*!50003 SET character_set_results = @saved_cs_results */ ;
/*!50003 SET collation_connection  = @saved_col_connection */ ;
/*!50003 DROP PROCEDURE IF EXISTS `monto` */;
/*!50003 SET @saved_cs_client      = @@character_set_client */ ;
/*!50003 SET @saved_cs_results     = @@character_set_results */ ;
/*!50003 SET @saved_col_connection = @@collation_connection */ ;
/*!50003 SET character_set_client  = utf8 */ ;
/*!50003 SET character_set_results = utf8 */ ;
/*!50003 SET collation_connection  = utf8_general_ci */ ;
/*!50003 SET @saved_sql_mode       = @@sql_mode */ ;
/*!50003 SET sql_mode              = 'ONLY_FULL_GROUP_BY,STRICT_TRANS_TABLES,NO_ZERO_IN_DATE,NO_ZERO_DATE,ERROR_FOR_DIVISION_BY_ZERO,NO_AUTO_CREATE_USER,NO_ENGINE_SUBSTITUTION' */ ;
DELIMITER ;;
CREATE DEFINER=`root`@`localhost` PROCEDURE `monto`(in usr int(11))
BEGIN
SELECT  ROUND((montometafinal / montometa * 100), 1) as resultado from usuario where id_usr = usr;
END ;;
DELIMITER ;
/*!50003 SET sql_mode              = @saved_sql_mode */ ;
/*!50003 SET character_set_client  = @saved_cs_client */ ;
/*!50003 SET character_set_results = @saved_cs_results */ ;
/*!50003 SET collation_connection  = @saved_col_connection */ ;
/*!50003 DROP PROCEDURE IF EXISTS `prox_Sem_52` */;
/*!50003 SET @saved_cs_client      = @@character_set_client */ ;
/*!50003 SET @saved_cs_results     = @@character_set_results */ ;
/*!50003 SET @saved_col_connection = @@collation_connection */ ;
/*!50003 SET character_set_client  = utf8 */ ;
/*!50003 SET character_set_results = utf8 */ ;
/*!50003 SET collation_connection  = utf8_general_ci */ ;
/*!50003 SET @saved_sql_mode       = @@sql_mode */ ;
/*!50003 SET sql_mode              = 'STRICT_TRANS_TABLES,NO_AUTO_CREATE_USER,NO_ENGINE_SUBSTITUTION' */ ;
DELIMITER ;;
CREATE DEFINER=`root`@`localhost` PROCEDURE `prox_Sem_52`(in usr int(11))
BEGIN
SET lc_time_names = 'es_ES';
SELECT DATE_FORMAT(FechaProx,"%W %d de %M del %Y" ) as
Proximo_ahorro from 52semanas where id_usr = usr order by id52semanas desc limit 1;
END ;;
DELIMITER ;
/*!50003 SET sql_mode              = @saved_sql_mode */ ;
/*!50003 SET character_set_client  = @saved_cs_client */ ;
/*!50003 SET character_set_results = @saved_cs_results */ ;
/*!50003 SET collation_connection  = @saved_col_connection */ ;
/*!50003 DROP PROCEDURE IF EXISTS `registrar` */;
/*!50003 SET @saved_cs_client      = @@character_set_client */ ;
/*!50003 SET @saved_cs_results     = @@character_set_results */ ;
/*!50003 SET @saved_col_connection = @@collation_connection */ ;
/*!50003 SET character_set_client  = utf8 */ ;
/*!50003 SET character_set_results = utf8 */ ;
/*!50003 SET collation_connection  = utf8_general_ci */ ;
/*!50003 SET @saved_sql_mode       = @@sql_mode */ ;
/*!50003 SET sql_mode              = 'ONLY_FULL_GROUP_BY,STRICT_TRANS_TABLES,NO_ZERO_IN_DATE,NO_ZERO_DATE,ERROR_FOR_DIVISION_BY_ZERO,NO_AUTO_CREATE_USER,NO_ENGINE_SUBSTITUTION' */ ;
DELIMITER ;;
CREATE DEFINER=`root`@`localhost` PROCEDURE `registrar`(in usr varchar(45),in psw varchar(255),in mail varchar(45),in bd varchar(45),in sex char(1))
BEGIN
Insert into usuario (nom,psw,mail,bd,sex) values (usr,psw,mail,bd,sex);
END ;;
DELIMITER ;
/*!50003 SET sql_mode              = @saved_sql_mode */ ;
/*!50003 SET character_set_client  = @saved_cs_client */ ;
/*!50003 SET character_set_results = @saved_cs_results */ ;
/*!50003 SET collation_connection  = @saved_col_connection */ ;
/*!50003 DROP PROCEDURE IF EXISTS `savings` */;
/*!50003 SET @saved_cs_client      = @@character_set_client */ ;
/*!50003 SET @saved_cs_results     = @@character_set_results */ ;
/*!50003 SET @saved_col_connection = @@collation_connection */ ;
/*!50003 SET character_set_client  = utf8 */ ;
/*!50003 SET character_set_results = utf8 */ ;
/*!50003 SET collation_connection  = utf8_general_ci */ ;
/*!50003 SET @saved_sql_mode       = @@sql_mode */ ;
/*!50003 SET sql_mode              = 'STRICT_TRANS_TABLES,NO_AUTO_CREATE_USER,NO_ENGINE_SUBSTITUTION' */ ;
DELIMITER ;;
CREATE DEFINER=`root`@`localhost` PROCEDURE `savings`(in usr int(11))
BEGIN
select a.id_plan,a.ahorro,a.ahorro_p,a.tiempo,u.id_usr from planahorro as a inner join usuario as u on a.id_plan=u.id_plan where u.id_usr = usr; 
END ;;
DELIMITER ;
/*!50003 SET sql_mode              = @saved_sql_mode */ ;
/*!50003 SET character_set_client  = @saved_cs_client */ ;
/*!50003 SET character_set_results = @saved_cs_results */ ;
/*!50003 SET collation_connection  = @saved_col_connection */ ;
/*!50003 DROP PROCEDURE IF EXISTS `validar` */;
/*!50003 SET @saved_cs_client      = @@character_set_client */ ;
/*!50003 SET @saved_cs_results     = @@character_set_results */ ;
/*!50003 SET @saved_col_connection = @@collation_connection */ ;
/*!50003 SET character_set_client  = utf8 */ ;
/*!50003 SET character_set_results = utf8 */ ;
/*!50003 SET collation_connection  = utf8_general_ci */ ;
/*!50003 SET @saved_sql_mode       = @@sql_mode */ ;
/*!50003 SET sql_mode              = 'ONLY_FULL_GROUP_BY,STRICT_TRANS_TABLES,NO_ZERO_IN_DATE,NO_ZERO_DATE,ERROR_FOR_DIVISION_BY_ZERO,NO_AUTO_CREATE_USER,NO_ENGINE_SUBSTITUTION' */ ;
DELIMITER ;;
CREATE DEFINER=`root`@`localhost` PROCEDURE `validar`(in usr varchar(45), in pass varchar(255))
BEGIN
select nom,psw from usuario where nom=usr and psw = pass;
END ;;
DELIMITER ;
/*!50003 SET sql_mode              = @saved_sql_mode */ ;
/*!50003 SET character_set_client  = @saved_cs_client */ ;
/*!50003 SET character_set_results = @saved_cs_results */ ;
/*!50003 SET collation_connection  = @saved_col_connection */ ;
/*!50003 DROP PROCEDURE IF EXISTS `validarAES` */;
/*!50003 SET @saved_cs_client      = @@character_set_client */ ;
/*!50003 SET @saved_cs_results     = @@character_set_results */ ;
/*!50003 SET @saved_col_connection = @@collation_connection */ ;
/*!50003 SET character_set_client  = utf8 */ ;
/*!50003 SET character_set_results = utf8 */ ;
/*!50003 SET collation_connection  = utf8_general_ci */ ;
/*!50003 SET @saved_sql_mode       = @@sql_mode */ ;
/*!50003 SET sql_mode              = 'ONLY_FULL_GROUP_BY,STRICT_TRANS_TABLES,NO_ZERO_IN_DATE,NO_ZERO_DATE,ERROR_FOR_DIVISION_BY_ZERO,NO_AUTO_CREATE_USER,NO_ENGINE_SUBSTITUTION' */ ;
DELIMITER ;;
CREATE DEFINER=`root`@`localhost` PROCEDURE `validarAES`(in usr varchar(45), in pass varchar(255))
BEGIN
select USER,PASS from test where test.USER=usr and test.PASS=pass;
END ;;
DELIMITER ;
/*!50003 SET sql_mode              = @saved_sql_mode */ ;
/*!50003 SET character_set_client  = @saved_cs_client */ ;
/*!50003 SET character_set_results = @saved_cs_results */ ;
/*!50003 SET collation_connection  = @saved_col_connection */ ;
/*!50003 DROP PROCEDURE IF EXISTS `validarcoins` */;
/*!50003 SET @saved_cs_client      = @@character_set_client */ ;
/*!50003 SET @saved_cs_results     = @@character_set_results */ ;
/*!50003 SET @saved_col_connection = @@collation_connection */ ;
/*!50003 SET character_set_client  = utf8 */ ;
/*!50003 SET character_set_results = utf8 */ ;
/*!50003 SET collation_connection  = utf8_general_ci */ ;
/*!50003 SET @saved_sql_mode       = @@sql_mode */ ;
/*!50003 SET sql_mode              = 'ONLY_FULL_GROUP_BY,STRICT_TRANS_TABLES,NO_ZERO_IN_DATE,NO_ZERO_DATE,ERROR_FOR_DIVISION_BY_ZERO,NO_AUTO_CREATE_USER,NO_ENGINE_SUBSTITUTION' */ ;
DELIMITER ;;
CREATE DEFINER=`root`@`localhost` PROCEDURE `validarcoins`(in nom varchar(10), in pss varchar(10))
BEGIN
select n_coin,p_coin from coins where n_coin=nom and p_coin=pss;
END ;;
DELIMITER ;
/*!50003 SET sql_mode              = @saved_sql_mode */ ;
/*!50003 SET character_set_client  = @saved_cs_client */ ;
/*!50003 SET character_set_results = @saved_cs_results */ ;
/*!50003 SET collation_connection  = @saved_col_connection */ ;

--
-- Final view structure for view `desplegar`
--

/*!50001 DROP VIEW IF EXISTS `desplegar`*/;
/*!50001 SET @saved_cs_client          = @@character_set_client */;
/*!50001 SET @saved_cs_results         = @@character_set_results */;
/*!50001 SET @saved_col_connection     = @@collation_connection */;
/*!50001 SET character_set_client      = utf8 */;
/*!50001 SET character_set_results     = utf8 */;
/*!50001 SET collation_connection      = utf8_general_ci */;
/*!50001 CREATE ALGORITHM=UNDEFINED */
/*!50013 DEFINER=`root`@`localhost` SQL SECURITY DEFINER */
/*!50001 VIEW `desplegar` AS select `usuario`.`id_usr` AS `id_usr`,`usuario`.`nom` AS `nom`,`usuario`.`psw` AS `psw`,`usuario`.`id_plan` AS `id_plan`,`usuario`.`mail` AS `mail`,`usuario`.`bd` AS `bd`,`usuario`.`sex` AS `sex`,`usuario`.`meta` AS `meta`,`usuario`.`montometa` AS `montometa`,`usuario`.`montometafinal` AS `montometafinal` from `usuario` */;
/*!50001 SET character_set_client      = @saved_cs_client */;
/*!50001 SET character_set_results     = @saved_cs_results */;
/*!50001 SET collation_connection      = @saved_col_connection */;

--
-- Final view structure for view `gastos`
--

/*!50001 DROP VIEW IF EXISTS `gastos`*/;
/*!50001 SET @saved_cs_client          = @@character_set_client */;
/*!50001 SET @saved_cs_results         = @@character_set_results */;
/*!50001 SET @saved_col_connection     = @@collation_connection */;
/*!50001 SET character_set_client      = utf8 */;
/*!50001 SET character_set_results     = utf8 */;
/*!50001 SET collation_connection      = utf8_general_ci */;
/*!50001 CREATE ALGORITHM=UNDEFINED */
/*!50013 DEFINER=`root`@`localhost` SQL SECURITY DEFINER */
/*!50001 VIEW `gastos` AS select `v`.`NGasto` AS `NGasto`,`v`.`id_gv` AS `id_gv`,`v`.`Gasto` AS `Gasto`,`v`.`tipo` AS `tipo`,`u`.`id_usr` AS `id_usr` from ((`gastosvariables` `v` join `proyecciones` `p` on((`v`.`id_gv` = `p`.`id_gv`))) join `usuario` `u` on((`p`.`id_usr` = `u`.`id_usr`))) where ((`v`.`tipo` = 0) or (`v`.`tipo` = 3) or (`v`.`tipo` = 6) or (`v`.`tipo` = 7)) */;
/*!50001 SET character_set_client      = @saved_cs_client */;
/*!50001 SET character_set_results     = @saved_cs_results */;
/*!50001 SET collation_connection      = @saved_col_connection */;

--
-- Final view structure for view `gastos2`
--

/*!50001 DROP VIEW IF EXISTS `gastos2`*/;
/*!50001 SET @saved_cs_client          = @@character_set_client */;
/*!50001 SET @saved_cs_results         = @@character_set_results */;
/*!50001 SET @saved_col_connection     = @@collation_connection */;
/*!50001 SET character_set_client      = utf8 */;
/*!50001 SET character_set_results     = utf8 */;
/*!50001 SET collation_connection      = utf8_general_ci */;
/*!50001 CREATE ALGORITHM=UNDEFINED */
/*!50013 DEFINER=`root`@`localhost` SQL SECURITY DEFINER */
/*!50001 VIEW `gastos2` AS select distinct `v`.`tipo` AS `tipo`,`u`.`id_usr` AS `id_usr` from ((`gastosvariables` `v` join `proyecciones` `p` on((`v`.`id_gv` = `p`.`id_gv`))) join `usuario` `u` on((`p`.`id_usr` = `u`.`id_usr`))) where ((`v`.`tipo` = 3) or (`v`.`tipo` = 6) or (`v`.`tipo` = 7) or (`v`.`tipo` = 0)) */;
/*!50001 SET character_set_client      = @saved_cs_client */;
/*!50001 SET character_set_results     = @saved_cs_results */;
/*!50001 SET collation_connection      = @saved_col_connection */;
/*!40103 SET TIME_ZONE=@OLD_TIME_ZONE */;

/*!40101 SET SQL_MODE=@OLD_SQL_MODE */;
/*!40014 SET FOREIGN_KEY_CHECKS=@OLD_FOREIGN_KEY_CHECKS */;
/*!40014 SET UNIQUE_CHECKS=@OLD_UNIQUE_CHECKS */;
/*!40101 SET CHARACTER_SET_CLIENT=@OLD_CHARACTER_SET_CLIENT */;
/*!40101 SET CHARACTER_SET_RESULTS=@OLD_CHARACTER_SET_RESULTS */;
/*!40101 SET COLLATION_CONNECTION=@OLD_COLLATION_CONNECTION */;
/*!40111 SET SQL_NOTES=@OLD_SQL_NOTES */;

-- Dump completed on 2019-03-12  9:50:38
